Aggression,Television,Computer_Games,Sibling_Aggression,Diet,Parenting_Style
.374160430640457,.172670536041966,.141906686312197,-.328216369799206,-.110302848529567,-.27903391265838
.771153401696602,-.0328718424282237,.70991822158973,.576836666584888,-.0229902994363559,-1.24816654381935
-.0977275767529503,-.0744602054947211,-.390140556361705,-.217184051790135,.280300500733838,-.328062974471144
.0159353083172345,-.00442663143025586,-.408080359578329,.0462232544752437,-.263479227693543,-1.00511930778355
-.275384590127613,-.675238689863032,-.277777805092463,-.891045376926662,.226581391463754,.489477816099021
.157853298602792,.202480135088309,.321508290608204,-.153712620137455,-.36863818544968,-1.74098228316479
.126216995343004,.18666420145742,.306265932281243,.511782214930393,-.660966053512811,.0922943789224772
.00593043640032522,.0500436596518654,-.104918245054577,.113053752262112,.00315417012424678,-.217873889806761
-.205587339804103,-.430480030319736,.00230351147431279,.23494285505974,.387017758394137,.112905391281834
-.330111366765665,-.320388868445207,-.678358880698906,-.0856752869889898,-.413757863402133,-1.79479668686356
.326583509868008,-.0454175728512432,-.663355089578371,.162885491506488,-.302357319028707,-.375942491969869
-.507211076793871,-.324855052596193,.0592849635897143,.48017646276682,-.105312880039642,-1.4249264512727
-.370690241613424,.365468211811675,.0862239651038987,.154281713657063,.274531772105718,.427441086457531
.0767073381118358,.208148071214526,-.06004737930758,.284757667985346,.0475712721971764,.216801809304733
-.47226961093975,-.228085493746693,-.0267571505136993,-.408294870938039,-.273550112172267,-1.74701514725971
.143117232416471,-.0036077957020469,.00689143569930389,.16255943006253,-.0790476390854991,.410699041995798
-.0853877547718622,-.06935938694592,.0390665557040499,.00351665369345444,.173903536466716,.0188327831294197
-.174443280346361,-.625705384543861,-.0512016924419634,-.488073328135606,.664170935417362,.170665668848647
.0378177728471287,-.330934279694471,-.574835142635917,-.346178524638039,-.252276813855622,-.566230888787691
.29069501081848,.316085564863947,.205046481091647,-.0644654485622074,.385260096843416,2.28142777850715
-.143227998117386,-.00400848358158862,.362643308655133,-.0403922349740332,-.861475985294219,1.59329493999608
-.024113715792756,-.060912765038962,-.163574334656423,-.215641031081645,.588357182361301,-.356909731419503
-.264952762247249,-.594214506301431,.0551804269641256,-.0801129636341241,-.743845250910592,-1.17518705433899
.126283603212263,-.146685493330184,-.352619047957905,-.125049553812484,-.269296920737942,-1.25524467250859
.0786275475459352,-.116858151392571,-.134426586495877,.116976688335249,-.025600582009054,-.665801094904742
-.0440503588133781,.122263443865868,.0288388868864865,.0547118145900998,-.00212234646001365,-.139420934382667
-.0929384686545955,-.227178936050029,-.0116242155545517,.174299573341983,.441912426820447,-.618788875208602
-.0321694650419453,-.0870520904913345,-.434281507593285,.00239580386679076,.0612111683367953,-.757257511869412
-.500159681465743,.402571966086146,-.464858682060267,.335033890126824,-.221184732732732,-.984001601706646
-.0918878169861466,.421984273127383,.467093293713198,.00916869761797564,.634781537310704,.652721938971479
.0822528438203422,.416658895941533,.626688309511699,.788495571179995,.698553070197666,.556350009914116
-.08481464172498,-.00708892791435907,-.0980691786412685,-.0994922084405372,-.0303712334465419,.462186510034222
-.596764441674122,-.271368783365378,-.12352214790112,-.295980974808729,-.31880351125614,-.86279962898958
-.496285889847364,.295420876599562,-.358081497079451,-.0259231991157106,-.0301140167097833,.640050258262312
-.366327356388393,.146156742548345,.258938229881331,-.0415935506172079,.0567212070251043,.311211935786758
-.55133693248641,.42441087769519,-.288129701100921,.169796309872807,.0245592139388017,.722277518613212
.0700481794564058,-.546004259499594,-.488644959505234,-.480355333962248,.308218098994793,-1.87518089456083
.214967804772921,-.0341228744598917,-.219880722286629,.00289074853785313,-.0323028205141163,-.235725879759506
.0486762259365705,.364314570024083,.889436205630883,.258482327684074,.667644857713805,.336121500267645
-.00252005525332543,-.193834264956988,-1.15383454794656,.557152131145718,-.114977164101709,1.41545226548169
.0792230398503628,.0646414279075163,-.0248624518806044,.0320495978881697,-.0424258432095791,.00180391520060175
-.018246313414,.24567300299536,-.0665633241574655,-.774288989427051,-.343485632642458,.290157002105891
.391874573079139,.214869638435722,-.0879048454421683,-.253869136386524,-.0336015986019218,1.57357474839708
.132266424323045,.102352899872403,.244448336415508,.114770945926188,-.158386332923828,.557871838425597
-.930983924881745,-.146957301295069,.585038321289437,.14391412333136,.134156742344338,-1.04709605638174
-.0340067079597108,.216567592705492,.199412357910492,-.023275369161268,-.183611006557976,-.587035611279508
.843769635973726,-.533371870136384,.626742914394063,.00619379220360181,-.054253097362419,.238657822253613
.000535286873320103,-.339253543966216,.023374747653693,-.758460597476687,-.468834415407907,-.238927489276356
-.33754139624333,.109786684626528,-.00960582563449909,-.263130010226138,-.0479434707632618,.836876893777497
.175327967240641,.253614224646118,.610036201291486,.140173594874447,.135416628889472,.338680470966406
-.13237440813711,-.19993590500918,-.304095731991049,-.686982299603556,.163167943868188,-1.21735492046534
.231111801834549,-.00919916427640966,-.234552232105728,.122941564127463,-.574558702977444,-.117103756679589
.0558641432752283,.0606146485961123,.000883950982033926,.0155013769201971,.00511006870131278,.181854041210223
.137465803531097,-.17240202373905,.679442352658351,.640296307147305,.66441856324333,1.32834139741449
-.0285486721804454,.0964504338420062,.32205007782769,-.017587350641317,.0683606141186842,-.970088191177132
-.580506186586699,-.0464757140105734,.0802620052210689,.0532341008194128,.171280462817502,-.110027645884912
.0331635174854524,-.171157513459317,.282151199321663,.285991452863614,.298198204592555,-.745161060875234
.196358974145856,.0459465741083448,.255905606503105,-.184855858415833,-.109122089657018,.314419448978201
.711838935701628,-.258768954401981,1.07627412377195,-.565473724902117,.371900839620046,2.4579127607346
.167736961652827,.0585438814801912,-.0908843245527384,.0901079882518786,-.20875919735551,-.29362849464517
-.0429028486051568,.209903821447436,-.412083439070126,-.499903413476464,-.135187131529955,-.642740930221712
.365416259861044,-.066467282755676,-.0161465172791479,.462467635229715,-.437494774388059,1.83773779389392
-.185516502954148,.103355324532136,.0315670076202771,-.0068039757857025,.146937097501541,.314569865387858
-.120362662915108,-.13262941264376,.0855328186980487,.193974016279337,.110853959826398,.0140060040634713
.401019925513995,.215305268061175,-.121887670341354,.0514454439982054,-.87880235002104,.630669671630721
-.147783119666297,.225271436773299,-.0717951333716574,.310712729337464,.19183722745845,-.863194011366742
.0533150208260415,.0317201864324616,-.0807886663868373,.219309085858251,.121433140330345,.41267286610185
.0912096538956316,-.0492892464421008,.150930713895399,-.554679675826701,-.271071291680999,.12130989465171
-.0326031393216651,-.0574105244121807,.137291479388064,.00564118434548821,.0153162251776318,.0619331579172434
-.180240043730608,.1941192604158,-.123172777405071,-.00580090111694392,.0174048034959377,.0465674527252913
-.86042365161928,-.327349956935234,-.102285242978513,.0884544098777324,.340347191537251,-.698896521519617
-.312001604812201,-.72738987566498,-.839775668901313,-.122559748000694,.810783171842994,-.971537105888772
-.0997775220403379,-.259672675768152,-.0708754291209458,-.0398230882196967,-.0220279054238033,-.450559239648805
.0685205302152723,.543894629927799,-.946631050863494,-.596062308128378,-.23195521807889,-.858739861435728
.737470744099145,.0510453831441473,.068042606393912,.742478946032375,.360752928214791,.924319706327507
-.635270153364152,-.8334474946606,-.876081771616576,-.628569896375283,.113691664850653,-2.13416933077797
.0344794770788181,-.155815637962292,.184737737981368,.241134891535354,.373487344189892,.770014678723951
.059317116537777,-.453724291679738,-.210048197254865,-.224633270465838,-.0194021382893639,-1.15519307501289
.160714012922559,.422143410966498,-.15525872294978,.490784685685529,1.185019509823,1.78084550279416
-.27671394419591,.0194597733178826,.0219944279143973,.513749156978943,.0493687586908784,-.595901596851222
.146925251408439,.0166677776688508,-.243496039993295,.142856911415231,.21260192966937,.200520186499469
-.0817527805214436,.080052725248588,-.520620460573564,.00706766459547024,.413709689448449,1.66796938605824
-.329312914812509,-.0971056312487483,-.200268794210629,-.0282905116370197,.337127685542246,-.474099941034097
.0382308302651378,.00556809352118168,.0353635561117636,.021654380553338,-.0336157461265301,.126948363858588
.11337545516354,-.108870701162048,.235871160105047,-.0144962570495405,-.0630626294986552,.362021875313666
-.00572708383001226,.0386881256173358,.199708421991515,-.559272937017191,.0344742174145015,.409820779759811
.388508214791758,.155213658163512,-.121696123282345,-.156869317940705,-.402043534849695,.446937629633962
.618846721888197,-.430275218701763,-.0891314753470997,-.10757095987356,-.775469717096895,.298325941731423
.18691301856756,-.277097588169164,.150113471193584,.42716089795712,.163607741580455,-.68434576316309
-.152810614113222,.195203983209607,.0884480703801696,.362377934137696,-.0447236418864349,.551673341478703
-.182230534775438,.0188611738904671,.0987104101171316,-.013057738818843,.258232922688884,.104575029535543
.273710676939514,-.0956999816163265,-.515728375710442,-.464073420052471,-.131627388160732,-.900291147804072
-.150498018702197,-.156055892955955,-.00172086857639646,-.479287897437424,.0210630058041845,.438399359119677
-.0835995697895173,.00989116540289231,.337378247587619,-.272453249219938,-.0816980182315627,.0615383978404675
.190340507339984,-.670898989286372,-.167088172395568,-.0562444745357174,.415996854305284,-.26612392419049
-.108946515306825,-.222481838961969,.0488860819411182,.0579462903614221,-.142341171407256,-.424292869642386
-.000750885210704825,-.269497711086405,-.280737271624323,-.011520730407898,-.346395385123498,-.493276224918412
-.287821246038707,-.962203248871294,.344190707390522,-.129674829020802,.444250370477853,-1.5501450673262
.141216784624807,.981615109794152,-.322187984987549,-.184577171637732,-.00494739770292378,3.99325610649386
-.351580122978433,.00930338956291566,-.0430596234153949,.239746784301306,-.0723133329932764,-.381433736962373
.542669734623698,-.105577964782855,.435591264243152,.425504600053499,-.333646360919739,.625363808747905
-.28392336348272,-.359113776006149,-.199805241501613,-.492785558243147,.209714335105018,-1.47725433570321
-.122391904973237,-.47453028250718,-.248523004602672,.144186359444374,-.619087190113125,-.796551234275673
-.0643003247858394,.106727081102824,-.00292324012840568,-.0221324823603707,-.370983106030976,-.564560038012167
.318845552917148,-.182116044874712,-.748119376044785,.0169365203036176,-.25822032234595,-.122414028292407
.087557951563868,-.0112318710903995,.210853220301763,.212548235983689,.279765059421936,-.0457459756578024
-.129547906270092,.0982446055974444,.0599462643096217,-.0622051869849969,-.0315910933244215,.17885781411663
.142685260153329,-.0833923066795322,-.26122803325443,-.25661818615932,.0725453578363859,.340118656404
.150653774806169,-.0184374640380242,.188357102502123,.0296541426049057,.0692797059109028,.971830766042938
.0423224731667079,-.0859877501048243,-.000119459821611934,.125284897164777,.0468352925237487,-.0963731795254125
.602476750054494,.156919154076048,.093397651242492,.255082908410048,-.143381549644631,1.68781180820665
-.0194285897576082,.0766580568248472,.218549318542669,.0284516269146402,-.0183414832506165,1.66158308234726
.00353350402165598,-.122130580207264,-.627342000912274,.0731529250113892,-.248705883544023,-3.80687416810798
-.0272965924527249,-.208739075676831,.32866249793858,.185714574278508,-.0446812731705297,-.00134007943941294
-.419728547784948,-.190006930469498,-.298980507009487,-.206560301609711,-.0429274341648422,-.719083446024933
-.107099584911278,.010833609283945,.326328974083335,.270638142725035,.179994228508082,-.602400979128756
.196061800313642,.279805429170594,.29278958659221,-.282141673154503,.161870137957919,1.79772725789581
-.44731796801845,-.789930709609316,-.405312244082423,-1.08350235225128,-.824911247598839,-3.01378151639184
-.231676262658937,.0744240777042811,.0104687419622791,.0103722713483054,.349078101272474,.970629052807585
-.0538205551043651,.224713247988452,-.0622920869412548,.0063205847451087,-.00586329591702711,.283858240660649
-.106326857726984,-.125935683244327,-.195702238956708,-.261195422052703,.359432555897752,-.245825124134849
.0420625354224051,.0927011061794567,.0680622625854672,.216214911052594,-.296928006431966,-.00909717881729676
.00367842345972449,-.0471884762499323,-.196259239414873,.283917259733855,.112407410999961,-.0634486106174902
-.0409467492515226,.31547730884619,.342096419352315,.241513123114882,.471855124125859,.154733428746061
.309653787891226,.341647129473177,.234894675989942,-.70924838229785,-.232891454421304,-1.45540401064228
-.0629052196940916,-.183431196982993,.074374196417836,.306068885454235,-.107220345799445,.382495229180569
-.0511341677599099,.132664213294436,.00365197732229705,.0300881845181123,.0648171711978525,.170947479926706
.11595870426935,.72905658679041,-.207786652591842,-.352157939045358,.668204184829469,2.98210307433074
.0982706238002583,.288710290235455,.0562565071752422,-.35544233593642,-.23307710443626,.953372544365498
-.0862899423852492,.500918447124844,-.0962464028902455,.18748356017278,.277793545310596,1.51540596865306
-.0779240094727763,.0715189417907951,-.21788794638885,-.215614164886512,.0828875199054893,.313746546536665
-.0822070158632496,.0163375894163127,-.0859049923467385,-.257434193619177,-.19972032502366,-.580781592580841
.0922279112028053,.0912313717683641,-.243767390486235,.167673461781794,-.198177039011744,.602409365631336
-.00998570800917701,.367989410353242,-.170444679048297,.359301770906222,.0638809581643408,1.53338229897819
-.0263618406353074,.0392326550707826,-.571279127973666,-.595881062007982,.0526629383015362,-.726034808751565
.312264194128555,.366376205471479,.0463524532808611,.139059089450932,.255272167117148,1.43784924516964
-.388085736313914,.144809702630439,-.407532574929137,.896562241213393,-.32794204681216,.197070648114019
.164306586023852,-.27066286968044,-.0845932420132533,-.325612921880907,-.0438001674599425,-.667384217410104
-.410965474490164,.275019418270042,-.514951015062659,-.161167580029403,-.723232920763723,-1.05838992279187
.152785486811961,-.276570435194999,-.355752305934451,.107085650735577,-.320219010946594,-.190814583088924
-.0746873069116311,-.0445893364609395,-.038391031162514,-.0251220719912393,-.0264347820268497,-.022343898085196
.0786150457264906,.222056521940603,-.0722205744885875,.257360280082589,.360175161071636,1.36805374531147
.17005473575766,.250792258291872,-.0800017670068114,-.204510153603143,-.701442185390535,1.17135895518013
.638306722010036,-.273690932598882,.853227363585557,.139365173771295,.452856359455735,.454940271386203
-.299695310829474,-.152559242676236,-.224469987412166,.122851006010777,-.0779549354104029,-.955544217551784
.0133814228468321,-.0859764606648856,.0120912104370139,-.014709210489357,-.0170595378793203,.0670161608508911
-.00282462129127852,-.0596715904308517,-.103787092469458,-.0667904700443931,.032330068295604,.352313230220983
.372338340549066,.230494696445564,.18784002202039,.594962389215433,.389940870872969,.784384566866294
.0887501742184088,.24758929852341,.0187316332626387,.191753698184023,.333905885746245,2.0555113336728
.615827955927742,-.179452544300095,-.143816347718122,.337002793035664,-.599252452409424,-1.0334894316534
-.140382466216855,-.257086911978337,-.28920248731132,-.150435335862708,.0732681376441846,-.364736078654916
-.114837748743056,.0184849689234349,.434567222000892,-.374628827911546,.208933308137772,-.0224856630474048
.00198167071708956,.0886841642513275,.0713698786594462,-.0636334715148168,.295971728762516,.819620152256611
-.0702315934308646,-.0905692289894606,-.0686052203191189,-.107411618675818,-.183423730490238,-.260307988693017
.687454033748474,.443846317154165,.173526427939281,.435501102375892,.698940691904523,1.67441704907857
-.123281133625269,.17034870207112,-.0865801526678671,-.0541690135188078,.00216450039629788,.340663680286432
1.12746608019465,-.0683458808514529,-.0803277227479849,-.607667712014138,-.513091300726728,-.651064403897779
.174385258757113,.435610223271665,.170948739402542,.250295068103582,-.366635433719565,.886663038810771
.0505466670543566,.526648007819445,.26563556598334,-.125975911668993,.644987238195904,.432132910771851
-.354499636252612,-.348941584383576,-.113632754409289,.0782285838374555,-.0531527988272303,-.864296470968345
-.119752345420169,-.0238972515702107,.168261882330723,-.0595912424896971,.108319294366336,.505489647559783
-.1268627250377,-.326228278403786,-.104465113551392,-.127771650427633,-.024528843466203,-.298973588420913
-.681893477893982,-.00292877217330166,.424853890074573,.241091605862291,1.22383019956642,.299335344864152
.395179773065772,.215675191864894,-.037266545796055,.327190497234328,.0770176362084061,-.303422287331958
-.0243522514427546,.0769137737708424,.0566021839852389,.0983083904277042,-.236259809221215,-.358197120378408
-.41107757299876,-.0933557848590006,.292482053663836,.0616395766594796,.472763250284251,.278036467372096
-.245240316458338,-.601250859116475,-.848125923525426,.041738013853952,-.567616878145056,-1.16298235451742
.0709608479964169,.14674227227799,.000421168734383489,-.14795751887357,-.057350927445225,.591597796310802
.851636728569285,.0792401160058175,-.925751029352095,.737122830976294,.0295687253691697,-.754698925070827
-.0613979790163281,-.515417969376307,.684121737315666,-.172426573119441,.0473023971787933,-.0845827343249159
-.217147605623955,.107992795617499,-.118521697771667,-.0847894582625466,.0134876702491696,.414673154962316
.0366745414054056,.117693930544757,.626125555869184,-.0410887234388845,-.511157107525281,.0989194591289687
.329481959531,-.804477995717229,-.421282381131615,-.218384279959771,-.198614727778452,-1.16030619213094
-.0898046683639189,.350918692530116,.322293919345935,.288254432563571,-.0778388875792766,.329505143845022
-.00561972718010562,.271144646318247,.651422260490808,-1.0806176362991,.328617998172661,2.88966816917438
.0486434870393335,-.0286385360604615,-.0538477993495159,.00774953128538418,.0392134837968279,-.00398038970204316
.178044875715111,.204618933412053,-.297512318311073,-.0249049739422518,.305190649835059,1.45707702144722
.393419754332786,.0392488627184443,.183543781945402,.0432863729518021,.289205550156401,2.1414927187044
-.00478916700126246,.588861575172973,.230178565323667,.765274314445032,.45670634641929,1.14760850220875
.0262055900720486,-.046283781965157,-.135462212741559,.115310342106629,-.04701753736672,-.109795035529538
-.232259817918248,.334074044675565,.162376959283315,.321845669190144,.326613424008325,2.03161248824989
.806939850103443,.143652037091957,1.24081480822969,1.10367128750231,.792906010729926,-.0213407961988259
.146382214929463,-.133487927455734,.178206114710484,-.0013262397394259,.0338720564080034,-.256624845568669
-.21978255942031,-.152708153008021,-.0853178959452892,-.252425230189918,.183130086249209,.480421635604214
.283614623956656,-.215408518108712,-.0478921009583692,-.101076975125639,.113933028692155,.144202875842502
.174084300742359,-.0370142655204832,-.086874982094037,.0614577378083733,.0211355486841411,-.471127374898572
.528315986422528,-.337043619760032,.314790362534089,-.0397394892210615,.560418258480297,.0380348120466178
-.582068076543976,-.175623071902025,-.0577997355055565,-.0944507512228164,.231282766805262,-2.01899848450957
.0226605014594038,-.18058025491016,-.192041172195015,.0973331898495386,.591316593981124,-.157871046863632
-.119187356499942,.0335606039733856,-.224421510618227,.144666009914278,.0129380168624652,.0227316038559818
-.0640345345327556,.152885403997699,.0974827148257642,.0362927202755188,.167546549926919,.262349584785759
.095776760867215,.108984337263199,.140823805960847,-.113834794126438,-.0318389092473053,.624224428848296
-.0466678304027346,.144715573163962,.107985870388601,.0510188140087891,.261478828540181,.444787172326689
-.147638994196187,-.266210749732079,.204261523554841,-.388026846413632,-.158772073988281,2.12287020278319
.107174560151334,.0833044453198536,-.0514616909659391,-.296996371658082,-.13968988356469,.0276001114998168
.138277149265281,.196201592322107,.566329514606707,.220854103703238,.235370163974572,-7.24383836104719E-05
-.136421733317263,-.408767920782157,.127675658689398,-1.43312656515612,-.26437228719076,-.0394676551569988
.133284224414488,.0400060241481033,.111523965415364,.277858082294211,.269898425303045,.275773944863772
.581048357151469,-.736233650342486,-.510762162664313,-.194839408413333,-.754119355323077,-2.84548421161665
.748501864521228,-.462382893708556,-.713660414095708,.319926030453991,.158702201407221,-1.32651853537771
.496970416723588,-.221218011667093,.621258889707345,-.0446455354633287,.398713556914138,-.580577157009898
-.162978944530929,-.0290701936022105,-.0355072392676387,.102068481898768,-.0163725606776416,-.348095051555412
.00200252574266511,.277144107135343,.0287227835485189,-.148440649019497,-.272005754904484,.288231819781689
.626414307269601,-.117526088359765,-.0210434694287397,-.128899073411837,-.0161920229529737,.101709749760441
.4033431541323,-.131510910588471,-.054890850841595,.223481268286694,-.269213119883427,-1.20955066553597
-.525920984157488,.149911284047338,.0188827870386456,.248674183277025,-.0142217275486326,.512572355179647
.20817239346217,.0879125363708994,-.220739424795754,-.060120386261845,-.290081699654555,-.105336122101357
.127599050977052,.141853962673869,.141971704212685,-.195479979488328,-.319089440797095,-.210064976972352
-.133994587810888,.00704227412034953,-.0539253707062784,-.0598283463314352,-.014301566017946,.166015520077695
.295276600338588,-.145119194862365,-.0408039449636191,-.312785922579294,-.0549782612801834,1.30362166110711
-.000320026753239403,-.414143929965248,.375914531579151,.0837609848040829,.4515521488799,-.360381905911518
-.301226903435707,.384931119644146,.0696717942799684,.38346597018723,.581357640260502,1.03080254789672
-.0203331925539098,.058460082963897,.108574952962729,.120892730635261,.0909852942846299,.506053145793166
-.467402928540607,-.229712797975814,-.109709059672105,-.423317928667548,-.241874319752573,.0330145239194507
.101771976247637,-.0164521553373228,-.0662546540862494,-.0934532415488226,-.0795476294573435,-.773653523933532
.335525061319149,.421988463236069,.878973895895975,.0100738041932815,.431903473396856,1.98546501150267
-1.29560842791664,-1.46012442922952,-.999613327863942,-.332245826607469,.212913211505801,-4.22070037361518
.129700972619988,-.134957958827273,.108048398507216,-.477245047775925,-.0825632343852312,-.433639236458114
-.338274611964113,-.651813270255738,-.59362569164987,-.0877568610843304,-.447102415890946,.266653538417806
-.193329138279231,.245958160754078,-.295435102668251,.068680606734688,.012489456789089,.526134978059232
1.13803195091591,.260961386611035,.67193619707268,-.220502202489238,-1.28490277464071,-.97871575953081
.194487321740242,.153339019830933,-.200049373993886,.274246430669038,-.126444441948789,-.704579723169552
.364544585018161,.0186075886867432,-.122735517047192,-.332276812339707,-.176256859006717,.649747231895805
-.402527975048805,-1.06316334266428,-1.05084272728477,.285134574195182,-.228680812517608,-3.01430073662713
.323613953613454,.374700792044428,-.025149133931052,.323006667966225,.432091097393886,2.1482582898097
-.0572469414485947,.451286423943483,.141173204837228,-.482799540152539,.0622292609847993,1.3387161540676
.036046551017366,-.0878693277587626,-.235007652935762,-.24510876116842,-.125296467198697,-.486935539405236
-.195247045265384,.0666061974888445,.196008473977387,-.00683799663031466,-.246720936700656,-.638614433999808
.0187441528085409,.75620618459418,-.397059324268089,-.565146011268484,-.345958217745209,.0371440581529888
-.150507930592238,-.420103542249266,.125954723849397,-.0820931144618085,.48778465715389,-.829635722469464
.00768372802191902,-.0681868657322937,.0883012584836897,.0302196330726456,.0662540739450393,-.234260105752184
.657427966034317,-.00524029713304675,.32289696478303,.00695604565535882,.17160242806646,.654819355240569
.464667261467216,-.331457362878598,.610341942915093,.363593135219276,.199424487687902,.405598813455241
.0678050152965147,-.0535818249503058,.0790579922176444,.0463719130085612,-.123810935506879,.0466059440779279
.414583406017266,-.370146081173286,-.736525994556075,-.000684517756135251,-1.00255807415214,-.132023395129626
-.109216732148342,-.0163769181607483,.311951587767212,-.215549996204307,-.202235304314058,-1.04078277369335
-.284931308076724,-.593303678239873,.16800554927048,-.203087675503386,.220577015602366,1.30537945204461
-.248055757673127,-.0227834725721515,.18147761853261,.552695899372929,.201714647062591,.631333140330039
-.274767418495881,-.167185878774223,-.397491871924228,-.0258686507488109,.30994833143549,.681293848517957
-.196976811995664,-.326490067857754,-.647705187957966,-.39234317875888,.488667032867641,.559835343807409
-.377493399131025,.019392334076506,-.179579035057868,.327094591928205,.265264716236598,-1.23125030524992
.548226447926204,-.196864879802143,.803041615179635,.0691031828780633,-.444849441303631,2.63423247974978
.34787979334648,.271988261345152,.155167250850045,.217144635230379,-.134297095016223,-1.45169566069953
.0350242946392074,-.21867482341887,.0528676541006353,.0535197672503453,-.182831776061038,.355604691207146
.0181244275387482,.0145653223495958,.0242389954825167,.0614558270560178,.0905659525469191,.505967396383398
-.171382199155916,-.473252482286597,-.0356609932742447,.228856234414033,.961181698211704,.430398370928904
.0558391829299612,-.115319212975541,-.011642858502362,.280008577428773,.0411880133998142,-.271007490499655
-.40354781247776,-.314562285053108,-.478562484579102,-.134712838229725,-.1812658889492,-2.11245321569804
-.152022821810694,-.215144562711363,-.128457909872481,-.359572378708361,-.25755920949266,-.727830048503249
.056931407418397,-.0509304025661693,.00915081852747237,.17674357575121,.250583827929345,.733646229433006
-.0709271921629815,-.754596092657974,-.014235373276899,-5.71640631142527E-06,.169578183156679,-1.86162898030578
.03818697025681,-.0246702728070643,-.0251584911292657,.0136148721621926,-.0361706639062363,.102259283495274
.0377233421648901,.0313755940649719,.0690079740743016,.036488507531472,.014650568004912,.00330476694285128
.205295048326289,.0204246424678457,.0486768334492462,.101895621140204,.234407889208091,.319270958788268
-.089063417758446,-.771804570818237,.0773008069559908,-.407474885978328,-.476214937617233,-2.82428587136567
.219125284311876,-.661423757027356,.819368049985817,.353469102426755,.124638691565589,-2.1615120656552
-.00962484983619662,-.0235888216697914,-.176688579457485,-.00828631734842316,.00564331857674502,-.314471342800966
-.178401350049514,-.315302664646421,.40516068742607,-.158436389220159,.0283409220935001,-.968723116611839
.0831734296304915,.250747119628225,.436806163865288,.136158900587599,.339103130206973,.0745736284592557
-.0195951422060504,-.011623837497328,-.0652486219084702,-.0108404157590507,-.079616315151296,.119033104690322
-.347340748149745,-.449352775543329,.0359185573759907,.552235065176711,.606968311589215,.315212680572587
.366524215327195,.239969167575586,.563193136654205,.220416801282684,.429777519960417,1.0185808647738
-.235341491893852,.464388872310892,-.020049704753638,.160576279183247,.14095136137221,.664956712733548
.0467928416544375,.471795525397107,-.0893239261251733,-.115580143979383,.313351553033725,.998427449827142
.317706053428891,.586829668575902,.257102679964429,.125800716091926,.050568775712695,1.38974269773658
.586860530967819,.62654088062267,-.259386382426976,.392702864763936,.210509655106877,-.331684372788576
.213609831574332,.232078419373538,-.75561098150218,-.540442184080424,-.123502380909989,.689923601132285
.138848849531845,.320237305618342,.691410474435097,.908910923976196,.705132245835157,-.217433834058964
.148691525957009,-.153738634661594,.302940389205681,-.169767038068914,-.466130994405356,-1.19635839927341
-.732919991020819,-.0873684743501741,.628997692532074,.304437304430536,.0797903389186171,1.48480074399583
-.259684964070232,-.160200958112068,-.0113431985800824,-.091084525509224,.0759809935096208,-.126472408027364
.0257168684932306,.212004955024367,.174870728026618,.149677664143239,.281889321276993,.516600226367661
-.162771325469517,.253393463445142,.178101567037864,.00427894012793948,.0999886778174526,.655684197687724
-.0186972137294074,-.188770873450307,-.107430899316085,-.176985668808702,-.136295849785403,-.188874989568219
-.0269779913814305,-.00667149167935741,-.0387933174385515,.0264925121681392,.0249592540561507,.0140337234963221
.0474730461235021,.084884673807298,.303712795287166,-.26859180532322,.188003921627129,-.561073445984725
-.118016547381982,-.0270169823021273,-.138232800497523,.17076681687831,-.100049114365645,.0537706563671763
-.300302696737459,.0273557732504204,-.884242435621709,-1.15198821463905,-.460490720936066,-1.57300575499644
.233030697480187,.0617000589526704,-.0425759196764278,-.135887710546955,-.0334074549332318,.292478863758581
-.31243523034295,.0359196373781616,.158741095732254,-.0223653898786634,.132314671435697,-.54667868941992
.308188842063556,.573705790512957,.233553766576054,.180300393684472,.0471122539867838,.960621396124921
-.173785496958363,.00337468343631437,.222470532862232,.358861128842267,.0364398376072443,.177951086039823
.0339069897226145,-.270610992466021,-.0780515715538792,.160696633277364,-.00952859043454225,-.427044497220007
-.0438022065077501,.205579982616223,-.11688454230423,.563900907701484,.31099316618258,2.06112053678625
.0813366976415363,-.103130981924674,.24684642215317,.0190098594180031,-.0256103290552306,-.704119781844154
.284007038861119,-.172605875855697,-.124057637065962,-.0877366467080501,-.249761422559068,-.777464096436091
-.43702276174311,.203124457692659,.0288037285403634,.0650791183890344,.0782146756199902,.957006406569436
-.175301575725234,-.0786231492876714,-.190089905013404,-.101992584486167,-.130503362122525,.638976819912375
.0425566620153485,.3593352941987,.192927326718093,.0671894091696689,.0750226043679927,.628541000292894
-.257217328941168,-.322090709613917,.246343603860483,.126406560645243,-.262508867056748,-1.01146860418155
.408245193218114,-.559588324748339,.302310705773728,-.0715606476669295,.454737380529193,-.889265216667849
-.201561284033054,.277176159005171,.235470898415081,.380727065348698,-.350975347142557,-.0849229057589712
.182966414122546,.183576742686284,-.30859960889068,-.0572120297052263,-.00126622309053272,-.253930777389479
.149916889774868,-.156603843299465,-.436745843042965,.0421470600528712,.128286740451771,-.162693279153064
.0410824859574128,-.128036958597622,-.346360608467106,.286944965431224,-.414520157719539,-.538415270715299
-.0219813105425013,-.413633743230175,.149124883994991,-.180588448984844,-.505403442043194,-1.16764399585804
-.348611017693604,-.090755109123754,-.256468261351651,-.256689151673052,.113844082377029,.018139211626106
.766103054779312,-.00652625422819283,.931696602792049,.560320840963024,.303950660729422,.318293373724644
-.0688400269970226,-.103591522290008,.0358158959531438,.207055407293149,.0129887765460687,-.757488055997904
-.16503558034609,.661313497082887,.128788782263593,-.153144364357316,.979758557487787,.264760237186783
-.210651808893939,-.649560046667357,-.373820309358054,-.213043597090792,-.743109061236967,-1.60643554884123
.0200650387663378,-.0277336062036448,.0809917788161701,.0548916096859712,.159078162950898,-.166437323745524
.0176011777718195,.15609893683492,.200318896404631,-.422030805768643,.161559287325357,.772609780107719
.397320818820353,.100703027205844,.167928109372007,.0871537883392965,.354631491544616,.933745526774145
-.0208050907432515,.00856438826674624,-.0907352974431858,.19761074387858,-.0680437854653433,.0954778377843857
.335402136735343,-.769472123718565,-.557951554387526,.404701171883589,.436399252220747,-.872198179326509
-.25377560762509,-.294828812349337,-.688545595907498,-.488963284694473,.138832367061822,-1.04782414934039
.420795658065391,-.0624682461751281,.0662853379155394,-.0925474182055572,.535253044777993,2.11973317383136
-.413380720148559,.149566449183208,-.359323283213097,.454061468169353,-.230939182589138,-.880511506607554
-.762939870168854,-.351383145004449,-.289657429261741,.334254645195966,.392923947902727,-2.54567828324949
.031720353195328,-.100776192684937,.277975898521597,.150229204949152,-.0725149087144982,-.126679192114383
.170231835179688,.178354191332059,-.299069750601318,.180824568286357,-.313829573601279,.221575009380509
.249707696645637,-.121563591141515,-.16890537947866,-.514106314780179,.0442123972988137,-.456159992864871
.195684710629901,.260596376784002,.138248373103751,.198926583370656,-.613487760194922,-.681300158619256
-.35165487676554,-.19120648117021,.161918148525758,.0518076604142097,.296490967078126,.168546954647591
.657279819822459,-.397915814288552,-.189097520190965,.703263403231,.185641898537985,.886890686397733
.568412327418556,.445174040254041,.0322273103249156,.342501586104285,-.192552494683821,.850303747893785
-.027614346728407,.156460469071218,.179649917034797,-.272103673034613,.0793920246211288,.320126913482102
.381147128057311,.132305966004518,.454240412038184,-.515202728992105,-.0462589714438844,.484640164098275
-.0510987847248525,-.0644332427585191,-.418816258346064,-.000341472296617666,-.606412328452424,-1.08798053353226
-.0769310848576568,-.216137797233073,-.273289000429759,.102348370344275,-.07688849016725,.518224951111852
-.242772001643257,.315065441580983,.265381444038468,.653135085372026,-.120413708347595,.585635154080972
.472419487956668,.15714074233986,-.0117170903914396,.0294335589034046,.542891606730278,-.587072534102824
-.32047423937861,-.278367170483968,.0273210709679354,.300026899642429,-.180729592530668,-1.63053565666303
-.655217529839044,.0236627028151012,-.239587388088597,-.435755163670457,-.140667307968149,-.277322329250884
-.0287997615929901,.00840954074963185,-.0255259444631287,-.000660019600192113,-.00133325010852788,.159378574019089
-.091064635750965,-.747668648776103,.22252207800933,.718031741270175,.0595801383511867,-.803942694055759
.0436850142231254,.0705999096711823,.0530156983620653,.0309225451356368,.0263728911486487,.00600363508615729
.180578427543041,.670113600193407,.213776618701897,-.291854514765529,-.0823731004956647,-.853508917919643
-.348223093009978,.0108458163202066,-.336734995462178,-.496589002288685,-.219009841120571,.0271285498532617
-.286019207088342,.263838873320778,.389766230233316,-.124852326937495,-.258813110507572,.197771253036139
-.164558894548618,-.0885457722943207,-.185044878806223,-.181090536392139,-.120569751398949,-.41300666766638
.16259211576003,-.0482010362498448,.0288541234795438,-.249875388227392,-.400017354429567,.413873370467699
-.00970925821459943,.221608367999934,-.121395887448212,-.635052392710604,.629795908710005,-.551517874766149
-.0319697334044212,.0119703783700202,.0371044147127031,-.142093858742444,-.0511406464950099,.167036763201176
.324613850293457,-.605675466281302,.191683664460425,-.199432870630389,.503337515149221,-1.39187420986569
.0508289568540666,-.000596863644046408,.329658718430247,-.0673296559216965,-.279329176604724,-.359392101602408
-.180023734238237,.0951044136096859,.323209780585984,.0098358180682839,-.0993619989251037,.210890597054213
.34657885322478,.25309325770682,.26264162718826,.235314405267235,.317727678368467,1.12629254668882
.118117229910954,.111485299198499,-.10850510071567,-.0111067584168513,-.174784073082195,-.21732389531756
.0111067575760816,.219641844357576,-.448185597354544,-.11787465964152,-.01249099918822,.428072301554047
-.190826934286928,-.597629443294553,.827544794441485,.136842760269766,.000648823806417647,-.0340429322508691
-.628270053284538,-.647478218403452,-.268392021117795,-.447608366952307,-.0323406455110065,-4.46040616402779
.411104795782632,.315086561224814,-.165723261791465,-.334616962041013,-.866823987147182,-.749943568190235
.0197523613208557,.237090354679058,-.039910698617064,-.4413260651024,.575191245085989,-.545957933766424
-.311533910186304,.535537477956796,.768110096058112,.513026146031439,.312528125493546,1.46275211089903
.0937613515132408,.0642996303142257,.0188384479643467,.0570217788618865,-.0388833601855354,.426570751004978
.29594782136247,-.11520546724916,.160648200410952,-.441993612657932,.393940241499793,.511560809431781
-.0642890059961441,-.0903125104273301,.00169977102221346,-.0252869173289555,.0225368384217219,-.0921673078955332
-.122748604172972,-.314130306312261,.164717321106503,-.258808961622523,-.154888924291251,-.34348838579759
.742664369363056,-.0616233704080374,-.152306963739306,-.101844642553369,-.339232367569824,.14141706086223
.0427237709510155,-.137026570406851,.16786231728124,-.302342838789564,-.228145360460181,-.0907213057141055
-.287617478324638,.0137757765142094,-.486105743614171,.0409953570885139,-.541130647883929,-.600492485205253
-.00511903143645701,-.01331780760823,.0212648292680663,-.145235348343819,.215351964148313,.705505389862904
.250145235353213,.0667557195774431,.9788012344616,.728999023900785,.149029979479285,-1.21778046895867
.132891971308028,-.0245316297567306,-.0927900924040707,-.168057378827511,-.442541006409549,.309047810907348
.0371551451578564,.554325928764824,.190362595731297,.82243255544658,-.032282476169292,1.10548771468152
.311665165378917,-.118267925870681,-.138015489289088,-.0437895623420862,.203789331951241,-.0536705258753805
.43584993336658,.168734694375923,.675809526481346,.294856549356704,-.136209119511667,1.42619869774657
.143411836994625,-.00353888367796197,-.0763454662262795,.00170192714575118,-.0230775152341232,.429265278088905
.0471961488753727,.127687109987052,-.0165262905465139,.162504752480538,.0711934745606685,.771658021059042
-.0865342127495428,-.102772257087358,-.161704725372622,-.426429097364978,-.0265859461764162,.324906596891241
.0475983168850754,.383024418939654,.304932014345507,.00373915660592234,-.214371823353425,1.37852881030955
.311034479453148,.58627726913954,.784341412960496,.952502216254577,-.42140419224294,1.18966480549154
-.188210266090306,-.0488298492443503,-.234176433393643,-.27185996575482,.301790580379866,.626034389144547
.406977739014999,.252612788825679,.123958884878989,.0255668651072035,-.0604734382034289,-.227089042817904
-.220005779933806,-.453475544497165,.188090199546429,-.169490915037048,.18564604648862,-.0853254858699405
.0371250832817957,-.00360697053110093,-.109076258868946,-.0431473375382497,.113517759069995,.0918097380780198
.435691634520335,.160876219619737,-.0162139948645856,.240588983867613,.384217566820697,-.295457213439935
.137601121227532,-.0159920603798124,.333267759891987,-.110504350662915,.149427615416001,.0814718463096122
-.262910359450707,.699859345824619,-.140393227541941,-.487483788447968,-.158102102359943,1.2554930701614
.212890204774518,.127129525647744,.310494890440607,-.353598030802205,.75326494988088,-.122487947189327
.160922922557432,.00962745597309549,.0246710123305775,-.225114332762518,-.0794220257361149,.494581804274556
.647705217109607,-.354098082791211,-.0695476315780115,.183317454223832,.496129105553591,-3.1344792953373
.677863397890006,-.427121029200234,-.197674506842255,-.0534723579892024,.14524501414806,.616229952923288
.0858902572087688,-.198625246111718,.0975319014767734,-.0612838667968676,.0226109073042224,-.850384872888122
.281348581573253,-.109620417689776,.461319963032724,-.267241236151753,-.848641982150535,-.794183918456137
.346475194258064,.0218609102522091,-.438265815905877,.229299605878881,-.0470885811227821,-1.76213794862156
-1.07119978457844,-.838135668971758,-.323667925584784,-.701681246290589,-.110883248082455,-1.84992506550251
.433778049832998,.213167189571712,-.109738582914239,-.161991780317295,-.0752195388948447,1.66464147949325
-.328830652288479,-.0540299808224114,.144055062919139,-.251506646041082,-.269769244784159,-1.2611695296373
-.0937805840633489,.0242142699769818,.100336104024374,-.0958761967748031,-.0818033230658459,.233872161288809
.439633916209712,-.248331940411765,.420681951621621,.452857443117598,.251754595054908,1.19163378557062
.178399346304979,-.994562481901813,-.0121002815625004,-.504626223345018,.803009230844463,-.402933215011075
-.273641589916115,.361496071908486,.0696635947776645,.168827521399616,.320020875863694,.524401577701969
.648824031060685,-.35721203377148,-.18941589748468,-.181048036126782,.402345029267971,.154377528910461
-.133323825919665,.109595648874045,-.051088429246676,-.161624472321509,.0521514024591791,-.147842300303846
-.163896249364883,-.039254748702545,-.215247181790876,.141277342327564,-.0555126291373946,-.997222082778184
-.439248227111891,-.480295003060694,.215870334146979,-.845896126832799,-.304509025944674,-1.17691893053533
.0825337088587834,-.107152020871552,-.0821177414297383,-.0750766534881654,.344465685860498,.298049478684415
-.350395974125021,.275775009986678,-.476054713500927,-.101925213886796,-.271288570873346,2.21100623745958
.0618235263067444,-.348505783396744,.0624905066473457,-.00502860214157471,-.0844226200920241,.827977130360503
.012538674200742,.0716118046533884,.0218831259475476,-.0317478795885842,-.0131985712426257,-.0552647282503557
.125718921304952,.746096945885948,.564463717199486,.29626720231122,.821518710683314,2.40920939155935
.0868124274745565,-.256079658890918,-.573558080363537,.203443383807959,-.170574864027157,-1.22027419942122
.00967172283541403,-.173434211374049,-.148883889032371,.100648309279341,-.176353353553627,-.0540496201155234
-.185372314358898,.428036464783999,.242431108618774,.0254414465589624,.464831252654163,.503797503221838
-.0207757993558761,.199070505741031,.159324627891876,-.11389955542014,.0868152368397855,.625308337485372
.119289898344965,.201082015817904,-.273480420825699,-.103190647657753,-.0766034043269625,.387769096463304
.0338538444135971,.152748364792904,-.0157997561048889,-.245863395155107,-.161725153603651,.0356707914782724
-.111730168444445,-.0599533360843212,-.00346878197998733,-.0214228980724396,.0717303905406678,.264022157679002
.203199678670958,-.0988031824862836,.17440736547203,.433251982277643,-.060545880148675,-.862183015123106
-.0761289724011203,.146368567264644,-.695377019316502,-.0295416313085076,-.895848277680982,1.36700931209445
-.058154264600742,-.232250403090803,.453013369537001,.63444142520858,.177620214783279,-1.55406900989557
.0299360874330531,-.57592042214528,.242372782822408,.0200335963181704,-.262432861877522,-1.47543405143047
-.195462773142294,-.132306465896307,.602317978754196,.0792847010395075,.601304698451387,.824098218532312
-.609110419568582,-.113556207999215,.914116234729863,-.455838064062268,.394092267330143,.135133356293132
-.184692647443416,-.52917554223526,-.00422820306729377,-.0865140771344398,-.0718857028051058,-.126998243332586
.318280481185339,.389228678314869,-.113318857771831,.335147822957115,.140067038029722,.248811748642978
.141378322559983,.0777270747184847,-.212689065567205,-.0263023913522284,.100073830865396,-.115317769949136
-.810946058466134,-.400039984521691,-.23231362635565,-.239736544611009,.00861081827114146,-1.26851210546253
.0497474140314361,-.141203919744062,-.254913685896541,.111111615985666,-.403568945460431,-1.08417816572974
-.332703070918991,-.310036049936461,.490866137039553,-.259021197926095,-.57737184514382,-.512167570739183
-.381088301446514,-.0299483976695811,-.847525188719627,-.55529220710013,.335847335412012,-1.3402003283959
.0327149828623061,.195867094470696,.355833817676953,-.0398170317990457,.104517506924635,.183970241374439
-.041023837807102,-.109577314092022,.0127913874520828,.0857434802370692,-.185156999432517,-.255226720833471
.073980499109825,-.0239189223443324,-.0910383882094369,.10334466682227,-.167995970520762,.174744507859693
.091412670073654,.0664439032496376,.0619813891382672,-.00587883252319022,-.0653127172029695,.152371688571571
-.201611443275322,-.537639157040876,-.247416251662025,-.12614157970868,.0994866054817524,-.0115585504364987
.111528936844013,.0712591694004545,-.106451417484558,.434104464833636,.324307558709402,.73547928437457
-.544412667103579,.624575629933295,.495475376379966,1.03123132593478,.115059182662079,-.937265069190416
.0535999773851408,-.0862331054184519,.0221116226851822,-.016536174382676,-.0255544951732922,-.0825285116060637
-.0116841431437696,.0136548338585112,-.0595011568407681,.0944715951811314,.0322577230687204,-.0314137601942245
.0278839775675283,-.217292124182306,.127069649709353,.0250653286018246,-.275105817299983,-.276053952523736
-.359266758807099,-.244116966836165,.855957598604679,.722008484394619,.625972413290606,.419573081738079
.00695218252223332,.0927774486345466,.351158434584594,.667147849587749,.347875573482867,.552166927536743
-.531081746801251,.286465870589961,-.0506439868065478,.473578132864602,.178728988132345,.620913381164584
.05218885719587,.0945160202995957,.279577511471681,-.111552960789979,.0847346897869703,-1.00493293850438
.099968659342316,-.00646531375517577,-.0932499325818911,-.064490369227946,-.248300179119576,.175548605244009
-.12013273310338,.162217069589246,-.115606475996047,-.454106905763475,.186352279295757,1.17579544303254
-.82324173187133,-.187071016306072,-.396331929279062,-.545330966676413,-.953305523521575,-.98372518407137
-.107377151240841,-.0470365279769005,.0178532199545664,-.0498507875024982,.105066728678478,-.134646528383272
-.470211841727284,.329160941516999,.355563667262417,-.212932169597325,.0991305642952393,.771598139216266
.0924330080501465,-.0115524289988206,-.089237060031719,-.0510648458619497,-.0386201428049186,.200764213464443
-.0304085565086407,.0560372789905334,.228564411751336,.158609307375541,.0112616894617002,.00217626647519897
-2.51318305304678E-05,-.0494960975070163,.105220963327306,.0471362077808905,-.0941636649486585,.00356373605847785
.474372242804681,.0353166597985093,-.0388777533839921,-.441613731245447,-.208501236020058,.20458521323557
.0461632242316882,-.151137322525103,.0869011046521046,.0274379830283675,-.0533037663387458,-.281402613274253
-.845127213640209,.455554738446821,-.116539624783352,.0515422429260073,-.449454721291783,1.16498335441003
-.947382770601325,.0976586599058496,-.182244747785879,3.38130593938801E-05,.194993708396096,1.87853695507561
-.264737735412254,-.117516918130658,-.308695883931185,-.107804797137094,.0272845936267711,-.429471307187934
-.0256650023759867,-.1691895259859,.148793689979892,-.0914474501827504,.239949841502907,-.413509860723727
-.0496589529549537,-.331165219531888,.156772309473785,-.366435672659946,-.00329105139586982,-.861183598136876
.10311814195353,.622136592101911,-.0621904550474632,.531449576091085,.210275819890773,1.50097896628563
-.0345333927928859,-.0452769760609391,-.00626804896764343,.0954903694912972,.122628124869607,.116932586801005
.352910564006208,.151163202339974,.346630039076897,.122101433832368,.195292595983816,1.67054337411001
.618713888594352,-.103201456424507,.74918460841083,.482531867412842,.0645054979383559,-.173349966926017
.357815491082635,.753039219880657,.214127007913916,.253431937116697,-.130066836618091,2.82525923985728
-.0936814244327348,.248258251302247,-.228879198105318,-.425245488063296,.0732720309645115,.16291217938597
-.358005690453478,.029625518565266,-.225750825812443,-.116959418533072,-.368706851644023,-.187498155994813
.0212318040296677,.437284081232172,1.08329322978257,.628070270351329,-.133238380668745,1.39949516136793
-.0864426065546684,-.87003103243735,-.275799278060988,-.522885278108739,-.619506998371167,-1.89989501877059
-.190600296303543,-.105207534131212,-.0321619810213743,.0715409814892759,-.00621815556741846,-.72622981431483
-.0762884455043975,.00581882577583976,-.328648440935802,-.350328408261232,.0589182630773211,-.255659973128913
.0242328151161196,-.151986415567173,.325068217145677,.0912490882135163,.0796625171692319,-.572084323134215
.486662087015664,.0677697198414931,.056995673303131,-.497974306743533,-1.09003817816074,.87868550697385
.402482310826707,.523701256238728,-.175325781640719,-.290254729782544,-.357850219221998,1.29608433791525
.0939412340195321,-.252283606488564,-.432224854115156,.0402068855993475,.725608338372894,.694656879317176
-.12111589402222,-.0265889284896165,.0697624907370639,-.0312982715112553,-.123645706972066,-.0392797941304249
-.121502018907199,.0736468016144419,-.185319336874032,-.103508135837426,.333216830520941,1.64559559667895
-.00289416027223457,-.124340774740366,.208988142410456,-.350724664150389,-.214011938139475,.847250010129336
-.578049314584345,-.307710240544414,-.11675503531721,-.261593243281836,-.388258066297881,-.787794174881477
-1.14738922291256,-.870693845676621,-.0360000004780329,-.38628827846309,-.518162948860214,-.128567226915658
.272472744924767,.475578046821422,-.168086524936737,.132764258295428,-.229866461164474,1.72715306372383
.593892950107665,-.143708668342128,-.559626030218795,.00973436668945703,-.0676540218666255,1.54990358129315
-.289959313038232,.23834897299647,.564348917736169,.626329841529376,.0160413162095201,-1.75054850704861
.00781309343609193,-.426500965849768,.284168543458953,-.0083080481729562,.00181452914642523,-1.02774629872816
-.152365414283009,-.371581863314205,.435755772312491,.244842360994154,.854213938972983,-.171190042292559
-.184934718126237,.0533213722867801,.257192289916339,-.0476102165207174,.774518913100997,.432837453432161
.402284878211045,-.0711030932215895,.0299526785569226,.0100923106888347,.29768741178747,-.0450216536125783
-.00714720993043325,-.283779969379222,.0946640334918572,-.0539373576465767,.0869786836676827,-.495333975953256
.154779579997398,-.181878000558972,-.0628279573519519,.383229975051351,-.0411363765108301,-.723984016383811
-.0995331579299445,.0336825350729806,-.07412546622262,.10310584322885,-.0659695597807145,.0955459104377215
-.23589721895041,-.45575348847641,-.130698748440922,-.315209990963457,.169439912542583,-1.49007553290027
.344610794017545,-.00666756043297732,.253867612313592,.389424817326115,-.411972052507171,.28751644498207
.422880465613638,-.0785938611911582,.314898369060768,.0218076668749477,.0259437959236198,-.425137061827497
.0996210191832249,-.154401463435174,.129727384699063,-.697725425895296,-.148521538885012,-.114023743634562
.102290590936278,.081501996089054,.226139783517859,.207582781324363,.376940550603594,.507285266868761
.00470340928960519,.0559897665767869,.0372584024573364,.164561585144335,.00877561342196004,-.328087410043476
-.589899748031051,-.0981434275187427,-.024815574852793,-.291118499219027,.335422572096691,-1.01485579504455
-.00826284302128966,.092627025880605,.0401146965164464,.0277488287420293,.0889729463524231,.313656441843178
1.06955481955488,.385555120402511,.657628680631393,.16837722596386,1.16200032610075,.472963747260047
-.371627048258602,-.125667012885053,-.0636028081972496,.152141161277676,-.263690595243381,-1.105176033074
-.000375190930645002,-.394952886962126,-.41454362552776,.0450008054354011,-.306497772834639,.516668234921978
-.159945461414093,.131116235729362,.688746448761822,.23874548988006,.187318275884527,.931358350678833
.154537008576817,-.0174571357395822,.0439679076601716,.336281292767096,.0398178560912578,.510085242264855
.0140755406034004,-.0707782138226432,-.0836857626911122,-.234953998399678,-.229532609967881,-.223503908815117
-.520050041931073,.0799116905298869,-.0138964143286379,.229558588062194,-.144534289364329,-2.19397620069447
-.143099841007276,.219493892154198,-.422556715294465,-.0499414891203519,.828744415044923,.662429276245682
-.0311752026386512,-.0233803183672199,-.000279855500247114,-.140874026910808,.0298598287903143,.0490564566831159
.611425052428012,-.290228404644045,.333241592351838,-.010001729186531,-.223430103608438,2.04618854556707
-.149154059797458,-.251091610067858,.408918289177296,-.474277200632933,-.273389119481389,-.548820036084392
.273803409308733,.483806552214368,-.501311864477552,.143188792637029,.0972165046600931,1.05695374390086
.432066249763889,.243997695452414,-.760408948579468,-.426694394092572,-.451713778066382,1.16240614301413
-.354344283340831,.0937856050883136,.251435052085591,.274845153726961,-.160257703237509,-.925018318630146
.158980795578191,-.00451084241252649,-.224153828538226,.144055142594294,.0547050899295883,-.523687788638201
-.30651015743532,.113041201448902,.158372418876765,.466675297054754,.144302747287325,1.07391197066464
.0904842365024736,-.153279905655995,.0229914165766352,.210531258114848,-.0409526544813082,-.115033440793532
-.0879503320868219,.397961086670781,.757115657114444,-.0307801609881438,.324596520184579,.305673668897553
-.0164621708448858,.547614915588026,.466264840595858,.287099582295592,.143229621756924,.326771303546478
.506131972144409,.270665531190608,.13894778049546,-.127684604031472,.181310332918631,1.23769960485616
-.178312416245535,.209800270701564,-.0587468265307752,.0990339604712445,.210869738640744,.0332821300604089
-.318285056211789,.702707827833357,-.440370200449581,.134107745996319,-.203698574521871,2.09652043890309
.106341121898862,.34989970649264,-.645699354785905,.105918535378789,.144716860078035,.791118543414016
-1.11779747311544,-.412162070662443,-.0444058668952233,-.605793965063255,.0760474679820015,-.894428738420737
.127686984973177,-.197302352319714,-.0224397971449867,.212175057064,.107823396378738,.077003949192711
.479203195986879,.0192830281087928,.144718672589649,.31839284672445,.0521167103480842,1.05387719112262
-.0100572420340446,.0471065577589832,.00634623028749923,.0751946226580715,-.212527735869775,.497240338829316
-.220838269631991,.0947025166032223,-.166097676157963,.279672967398496,.758182724589702,2.69312371579146
.239198311007781,-.0851514880271491,-.589822987439202,.0739285553862319,.110566055705624,-.453423546255533
-.0518917999741146,.0864543775816114,-.0362542167742396,.211113966582837,-.0623423098879154,.808162105318254
-.247190113740822,.0821741206924886,-.417477045175723,-.263999226278801,-.441230568859771,.954003997634439
-.287648832879461,-.113013171844514,.250117271592268,-.00840074548224528,-.0512606247858136,-.307792937372371
-.26941874856701,.187153631697597,.0684385739081501,-.269984313429541,.0886115738087713,.415451911154978
-.00914237609468603,.061260201308383,-.252767256608079,.307697299426086,-.178798955834546,-.184351788390748
-.00547595879000234,-.0925040742634509,.246450187681581,-.0736950302331045,.0325534986026994,.440113312225752
.151762351454579,-.15179328980639,-.320424355372395,-.508824644301783,-.152392413236355,-1.31970524187929
.0419221819806281,.130766240611202,-.501081179735787,.0823590680958832,-.419760495847528,.202380383225005
-.00464329240981424,-.157400444281645,-.127748949614007,-.124253066506057,-.022860357716479,-.801792796157767
.361314534049234,.0742630019801151,.394456101293849,-.000196637713686371,-.224485207801159,.556051214738398
.560500681092026,.522843774856293,.452334222617436,.118368082576122,-.229708186875059,.910920801695071
-.0478106750257896,.108847472248955,.0522236249303471,.120062575992348,.163076954881615,.486645724168852
.268275975635688,.393707554165058,.591615683899842,.359208415967128,.074563329873967,1.48392075721627
-.478111610345814,.0792541083096105,-.0333283426566624,-.383208338239051,-.0382687265660579,-.209847016393181
-.600502704865661,-.20184828673046,-.652290572595585,-.513152520349788,-.581400009259538,-1.07098869879038
-.266304191512425,-.795647472875767,-.558876449581568,.335335429805687,.0441885376018658,-.333463303028479
-.465187080865075,.0365796131919724,-.440458968593993,.405881223443705,.0304458439395112,1.11242059183885
.142439098904605,-.234138226377688,.116329708083968,-.0389944849542595,-.0964955501114418,-.395379381668408
-.0548598883030065,-.284009992137393,-.499160125020915,-.137496873915271,-.502449702302153,-2.08440485153199
-.0230537248154742,.000897101618531475,-.0846497178405187,-.0165982698500937,-.0702138174931507,-.0350807422430447
.312930025400466,-.624570140631146,-.317828414008063,-.155047197964796,-.33699103787802,-1.51201411050856
-.3578035392428,.108535936989506,.093478663085337,.15996746129438,.597897830509521,1.41757488765835
-.356716816827552,-.412319768608334,-.555282929227444,.566527653974777,.11547229335531,-1.49493988066037
.159346280471661,.213967019908286,-.15582595922562,.713344756247406,-.115284346057957,-1.95622089397629
-.162454838513902,-.587524714819901,-.135936485611624,-1.15278730607261,-.367464721173934,-1.80324148660526
.161806162857988,-.904565426332445,-.310656474892248,-.912948787173387,-.268943410396875,-.818747390875213
.177591044782627,-.465166842968902,.335367725851848,-.0926842405432451,.428143329074787,-.504508929733515
.229841036473448,.5736731080205,-.126100860213111,-.148549293593464,-.175315683501325,-.071358487703304
1.17882264470856,-.144348453324589,-.256010321451458,.7321223261118,.210897692302145,2.14960285291176
.0186870047928999,.0233601894554164,.00104759103238391,-.0119577594552986,.0704190736920797,-.19183675430643
.283754596936635,.14690127251215,.229357513401059,-.575823874860015,.267754608981201,.935023765298825
-.0418717720440702,-.0534566338123172,-.105904437956077,.0361030312138022,.0671522664399787,-.198544161981269
.341069794093271,-.357918356955841,.353444615976517,-.0670008188648086,-.31567568520116,-.398047776443346
-.376383434017333,-.145876246073114,-.176309630001937,-.354424622738214,-.271427531258593,-.370488069416244
-.0630753525182683,.00958510453264849,.0525235306369738,-.0114340584767997,.038843142221285,.0928466307662373
.101537805341166,.124224962044561,-.0855885004692002,.0422433296928717,.0861260739483931,.210642115584658
.0496631658476709,-.175991042432521,.0450137904161435,.0855501336449655,.0192164207576375,-.356523546393106
-.0930529283180291,-.791581645368149,-.0538726458313484,-.0534210263503854,-.0362440013650115,-2.00629382794862
-.0891375558971559,-.001723778959617,.0681044530897193,-.0112535258924514,.307276437650989,.377604679896729
-.144112800152873,-.0906193783029524,.177692149016093,-.0463540293763291,.119318661436474,-.603622905255687
-.344351634680095,-.162181743269413,.223591633341227,.198161233410566,.621163229871965,.263382693425494
-.0556990155442325,.0108594119298584,.231202027066138,.486733402721262,.467019984981992,.109713828887999
-.238475682491507,.206709374494935,.279770713816481,.0489786438354038,.162290612753429,.928851743926859
.0316853106286353,.0072153259685005,.100159334067353,.0820105124654118,.101377497619336,-.0278336004414281
.106829630989118,.031728239000442,-.0669412963787966,.333377106384447,-.073489599729202,-.57860601996288
-.14329805170879,.0461856304805935,-.221211316400809,.860903301526854,-.678261089987605,.50610029169327
-.234548048619738,-.329866010502599,-.261401295725951,-.512912657674534,-.960045718788611,-2.30424826902471
.364963204375482,-.134084977636905,.262009391755977,-.163716829092127,.033517887321503,.962278636078171
.0718270399236263,.21270359037765,-.058543031891816,.18168401050958,-.0890732365038813,.842470972350167
-.0212617853599444,-.0297967798898213,.00789117235756105,.0222667482440061,-.0566184468786447,.161652152003389
.396000901868623,-.284481035095759,-.115727744277551,-.068566899745672,-.0580011725493535,-1.11821568274988
.394248160350149,-.0704636920879672,.574924264745394,.0208267534980917,.434232247662166,-1.07299284429367
-.334550204061356,-.0235463155015413,.168961431095567,.0936187506459564,.10697654989049,.716390123752922
-.583023635499207,-.953515598639181,.333719644365881,-.345776304753271,.152943390441092,-1.32468868352395
-.0521859556087614,-.0240571087338268,.00327986086043955,.0496607949221444,-.0175848155044264,-.971756539393122
.0994365057566816,.141827428286777,.293658900888274,-.025521364561714,.212242101716881,.485506034557362
.140583006604797,-.783435964677511,-.0352963496281795,-.652990348845113,-.148692336056808,-1.53407037928374
-.0761516892248557,.184872890281984,-.315486058794321,-.267883279785035,-.485020861984383,-.488249717865752
.00262156281746441,-.219588986230483,.140310130880525,-.28171688447483,.0560984450541061,-1.49510682684692
-.234422536801073,-.465485193663377,-.473084231771659,-.221066199141469,-.566280652659375,-1.70547503074079
.0353227325442999,-.124606104111339,-.148650347054891,.0466349774058088,-.298750251374699,.289535004992931
-.31351446442478,.0526939117999591,-.412897665252527,-.376018933924049,.349833757119785,.995180974902377
.333313318399039,.0333012750241178,.32223187071304,.722813621570721,.671993919153659,.434501496121554
.47336284586956,-.285606088545004,-.0585471374849113,-.0337064079925911,-.391858922732422,-.695171405541659
-.0668025103164289,.136969687400826,-.173100552351053,.159293672458588,.00836912364290058,.600387390414201
.0966179383080066,.0379174822408504,-.00649231963104415,-.0119957499644312,.0210109730549829,-.191882501573327
.40053776821391,.36825089213417,.250494733639663,.272880037402597,.185888201315028,.429138830282292
-.0774195963911089,.15651273984053,-.662876661113015,-.399415580652089,.367934985149426,1.22570236380622
-.0208917671805076,-.207581753681688,.0986145491061011,.0226661021434665,-.0798615416533243,-.238783274493715
-.121189990309782,.555185456398176,-.182321580379579,.446734428918783,-.0544692884414304,.6309780213204
-.0392253970805604,.0146848861632102,.00723046030816821,.0114909634962124,-.00191232153448426,.0988136522918241
-.220750505066273,-.112416773255644,-.369303096800873,.178629638709011,-.064152166153941,.739432683151281
.177383050322135,.874358723637296,-.374209063255565,.374132257379147,.0865701858587745,1.49222886538857
-.0196974750414291,-.146496093864749,-.0537707081739976,-.683574090726445,-.259345565230982,-.107617092289333
-.220774697745176,.313456803004201,.634975276200822,.0558005562877371,-.00776136506505172,.446867434478247
-.0555966131264437,-.072013606449608,-.0879181328933781,-.0666533273071943,-.12473447652735,-.0494298913620826
.200406745705438,-.0727770186438187,.077125091617797,.0725512945069176,-.18161660535613,-.866630114403023
-.206641159690225,-.0202749125674124,.100457906192428,-.337328452343619,-.0964906659257933,.281609531686167
.459683293919168,-.0412762683929415,-.0198735305610504,-.423937671641279,.264301483228047,-1.49042064398639
.0106613009738147,-.0584933233477395,.216507825353755,.062187795589644,-.0966486720391544,-.942392019235609
.22273727838949,-.253413850048133,-.0494034128537744,-.0970735283869266,-.20893158881614,-.702553692852136
-.0368777184943211,-.369436544844201,.120834970683733,.175163277787171,.111840234710937,.0576207764495136
.0427782718883024,-.114299452287038,-.0522183192960696,-.0163842907250627,-.0835429465473859,.55238036730372
-.528528000377735,-.326131814230267,-.437628311949696,-.399757264914568,-.487408639539012,-2.11728477656996
-.0878905965601543,.233267426757914,-.235544076846807,.375912615566717,.24205284826541,.28164838346896
-.0982658627506687,-.222401573664714,-.106213142991579,.16155588227689,-.647156552777875,-.292521011938045
-.0569612480972399,-.0243777298843934,-.246068410900758,-.0766824643514277,.177867273581744,1.0112530837722
.381383973739014,.19030930407254,.355482771087112,.807059389094315,.445582541448284,-.0637343094555788
.111497651521349,-.0198571594391185,-.224707684940984,-.147436794293187,.294167900093776,.846469903689835
.264910827556607,.347855493333431,.518629271007349,.203548325816709,-.142464741970382,1.20251695523118
.447533363209973,-.595867453083084,.256707695429825,.183398380062335,-.245712452321341,-.268220317801755
.0231660458787621,-.0845092691865129,.894433034308226,.439527268618245,.126045538326849,.56542820634068
.118566750901074,.078162132060128,.218930288014774,-.0156149833829084,.199935289122846,-.0414835532211695
.121502142422997,.192720257490726,.0498888460848483,.113609726278015,.079016798252464,.511352376478999
-.119097051472799,-.0557190670822974,.185915936833856,.229985087675707,.0792308264303382,.4737071786104
-.063509466296476,-.538850508667667,-.122619238519539,-.197770577984903,-.128372953406008,-1.47536517141337
-.464283542271262,.34973924776234,-.0805422318863359,.223943092489677,.132984559039404,.146747643757375
-.475580121437364,-.137415394308477,.0291809406204525,.526750509870072,.234497034951241,-.848541393355815
-.113105881921624,-.374261190333846,-.543227981763568,.617316225990679,.027748039756701,-1.5869487977947
-.407410177696651,.198563197495164,.0970326136721208,.124426890419944,.0860817078400038,.318460659476062
-.444996128704898,-.289638452656521,.147906596647612,-.0589445412979377,-.0365459233465548,.292450711091415
-.501526640485818,.904362623225745,.275905449412412,.0464119744771765,-.0945750574190348,-1.54863795451369
.406533684459549,.217353668364102,.188211304890853,.192506246801152,-.00310884688223831,1.38517090929474
.0994617734500537,.0858564281373187,.0364011537072951,.123076869179766,.0298600912847196,.10668910684012
-.1420846965814,-.268817825709181,-.227657178606501,.35555957704252,.427727385736075,1.63041828633158
-.108875994820711,.102779586829871,-.0611789626209684,.411140154274721,-.037579707980334,-1.78166188072699
-.00689758052283971,-.0790539621544899,.00853951284115801,-.0372649060922768,-.161842775448368,-.891984315287097
-.382992032686822,-.302734073993013,.672620926402473,.0238063559723769,-.00249676945046243,-.186894875541997
-.234855262040863,.139299664863033,.128743845925401,-.151346625973363,-.17712200562104,-.692996558412468
.543185587785613,-.224669444614333,.241465925584656,-.113482747131356,-.532562592691039,-.615917767365346
.0276036231195406,.0344176088227103,.0691311646371583,.0445989623410298,.0794602791694393,.131326513655625
-.296355783473338,-.407509030860064,.801831169316725,-.430079260611498,.403904185122997,1.32948131590336
.00202164685440912,-.010737370464096,-.623882844945643,.268411465714257,.0498607237348361,-.840519480348404
.287508910539989,.289638577631849,.290928312949268,.0691404866220998,.268531375611928,.85479421096794
-.260071314072656,.12890816493202,.173456922829816,.43582952915347,.270304488157354,1.35652529255014
.0899711716566499,-.19090329409501,.0126388783352605,-.18546720138635,-.00606210567784877,-.139235818414955
-.134707021209328,-.107974722432474,-.321763816724436,-.214313076619993,.161207708728465,.0486199615477246
-.365320460789817,.228454534349307,.231562803604521,-.231910947852465,-1.10326349396683,-.976360758152342
.150776112973254,.335501421847611,.16535101244887,.43187715273538,-1.25432874199414,-.421076989580556
-.633529031527958,.0535581811820448,-.393528262291869,-.129599235257245,.0417027859265084,1.53725825159575
-.391399518589478,-.469742169613202,.932825444192321,.873244682596314,.85202065504184,-.636591189374085
.0148287534806682,-.0736539941591984,.36150306395141,.111034853582088,.202932896396196,.376824843200051
.263034697029144,.100498243561553,.119757867581851,.255607304589577,.549645290481949,1.56310484756555
-.0933516294131535,.0656925528047302,.128078370041883,-.276610367676834,-.0905617289095955,-.059761953785946
-.879249750859482,-.184879578527246,-.202293677664789,-.341831491482357,-.377955316541177,-.65093158419885
-.239382153955105,-.497538157890158,-.145010390090966,.711789072116391,-.729362092800208,-1.11523716129845
-.048526482248453,.268144119264723,-.105077460541332,.0751577685059653,-.0160898853060353,.359058676048924
-.385933702098003,-.294539706819883,.112652831671934,.491945502039271,.163285031294259,-.907837557062475
-.845770153711912,-.377640614808484,-.351947989281024,.336063845391607,.216511988841568,.773890774631708
.55843062568001,.382672125303044,-.151644985911888,-.514561967660049,-.353268130133181,-.489178189098401
-.0423175165987757,.0735166081359253,.317887177027964,-.231123192696265,.104660607324766,.401305514138117
-.438562804962299,.599334054288619,-.767892095097878,.215783908547486,.451530675544531,1.4811272504625
-.047355715862464,.194789791727673,.0569965542978433,.540159555696932,-.380517602914015,.572958936398181
-.401647661918542,-.0965270968585965,-.214660028877136,-.0319943699534315,-.287969379399665,-1.05923588672831
-.0212824272424907,.000328718644216318,-.0917839157119207,-.0313318355959588,-.0364920438399346,.223638605756068
.120585119557494,-.01913356876491,-.0601448533099511,.0898025762591082,.109606166827931,-.442710327728941
.251893108318864,-.119298978297226,-.175190785952027,.256859868270815,.362650780310421,1.28752159329721
-.10432061433012,-.0658926195002745,.0662125864190971,-.72522133164031,-.158470824936451,-.54004636396732
-.179361976393536,-.520293246092558,.078027514244607,.335334035792696,-.263129421432938,-.528297762182344
-.042770435345422,.0292892645555804,-.0594697068334763,-.107215610117306,-.0554529520825418,.0220713254280444
.0166754598934549,.266052121882512,.0433906434585378,.288009123471604,-.0978573215635185,.499965857447202
-.0944320417849293,-.189383406406743,.472322173904815,.201919400049821,.222810072649424,-.150163183000631
.0524402076481533,-.354336524268053,-.110676749857198,.192277632098255,.472834051048152,1.18307006239865
-.00698283311201569,-.0273891208394389,-.0297794370644939,-.0196556775972479,.0360451583939354,.145852584342687
.392197186897161,-.0472981010518035,.277133057333349,.343157612385624,.193053982003747,-.0133896320037214
.473652670259809,-.344043010203278,-.305756823969495,-.569416902181488,-.740776911866563,-1.09679904292532
-.291265297083173,.0209556475308266,-.151493894316251,.0934819298887572,-.187022117098548,-.147878189601699
-.189208475965753,-.184763763188457,-.363885053316313,.0341235597704991,-.129722088114099,-.816111526258506
-.170395796357671,.171253423343255,.249692875584833,.0623507307257749,.00990395487044951,-.0423746472725107
.0799007979480203,-.0230569867169377,.155022026841976,.00718198633685232,.115834274233384,-.256576638412014
-.506599646782495,-.402305742399073,-.228923181616096,-.126631523931748,-.00515584270105055,.124636591215069
-.00912144836695893,.393251365994732,1.61750393508465,-.0388550298747734,.523045136848463,.577630810466858
-.563815306980664,.580605402719671,-.5866313481726,.411511859338974,.214282241331724,.894440260344531
-.0622491537146619,-.296299954427112,-.0419158531604287,.30644395369919,-.386032977570263,-.334530080816587
.103693197937612,-.204218793798946,.134380049130656,.093506994888014,-.0955647261013838,-.475194982124714
-.315565868243031,-.0920250756837828,-.141108652135681,.148922853791182,.616312041297244,-1.10180838456429
